radius,num_clust,max_clust_size,max_normalized,mean_clust_size,median_clust_size
20,6,4,0.121212121212121,2.66666666666667,2.5
40,8,4,0.121212121212121,2.625,2
60,5,10,0.303030303030303,5.2,4
80,5,10,0.303030303030303,5.2,4
100,5,10,0.303030303030303,5.2,4
120,6,10,0.303030303030303,4.66666666666667,4
140,5,14,0.424242424242424,5.8,4
160,4,14,0.424242424242424,7.25,6
180,4,14,0.424242424242424,7.25,6
200,4,14,0.424242424242424,7.25,6
